{"cameraMode":{"drawMode":0,"name":"Shaded","section":"Shading Mode"},"sceneLighting":false,"audioPlay":false,"sceneViewState":{"showFog":true,"showMaterialUpdate":false,"showSkybox":false,"showFlares":true,"showImageEffects":true,"showParticleSystems":true},"in2DMode":false,"pivot":{"x":-8.970000267028809,"y":14.539999961853028,"z":0.0},"rotation":{"x":-0.01230943575501442,"y":0.009296110831201077,"z":-0.00011409143189666793,"w":-0.9998893737792969},"size":13.94360065460205,"orthographic":false}