{"cameraMode":{"drawMode":0,"name":"Shaded","section":"Shading Mode"},"sceneLighting":false,"audioPlay":false,"sceneViewState":{"showFog":true,"showMaterialUpdate":false,"showSkybox":false,"showFlares":true,"showImageEffects":true,"showParticleSystems":true},"in2DMode":false,"pivot":{"x":-29.673734664916993,"y":-0.8843001127243042,"z":-0.06649415194988251},"rotation":{"x":0.001490117865614593,"y":-0.012302442453801632,"z":-0.00001828782114898786,"w":-0.9999244213104248},"size":35.42853546142578,"orthographic":false}