{"cameraMode":{"drawMode":0,"name":"Shaded","section":"Shading Mode"},"sceneLighting":false,"audioPlay":false,"sceneViewState":{"showFog":true,"showMaterialUpdate":false,"showSkybox":false,"showFlares":true,"showImageEffects":true,"showParticleSystems":true},"in2DMode":false,"pivot":{"x":-15.050908088684082,"y":-1.0239999294281006,"z":-0.8299999833106995},"rotation":{"x":-0.004809746518731117,"y":-0.0027033810038119556,"z":0.000013924143786425702,"w":-0.9999893307685852},"size":19.61552619934082,"orthographic":false}