{"cameraMode":{"drawMode":0,"name":"Shaded","section":"Shading Mode"},"sceneLighting":true,"audioPlay":false,"sceneViewState":{"showFog":true,"showMaterialUpdate":false,"showSkybox":true,"showFlares":true,"showImageEffects":true,"showParticleSystems":true},"in2DMode":false,"pivot":{"x":-0.8101966381072998,"y":1.72367525100708,"z":-0.9097033739089966},"rotation":{"x":-0.004809746518731117,"y":-0.0027033810038119556,"z":0.000013924143786425702,"w":-0.9999893307685852},"size":43.56914520263672,"orthographic":false}