{"cameraMode":{"drawMode":0,"name":"Shaded","section":"Shading Mode"},"sceneLighting":false,"audioPlay":false,"sceneViewState":{"showFog":true,"showMaterialUpdate":false,"showSkybox":false,"showFlares":true,"showImageEffects":true,"showParticleSystems":true},"in2DMode":false,"pivot":{"x":-10.20366096496582,"y":16.598079681396486,"z":0.21906806528568269},"rotation":{"x":-0.01230943575501442,"y":0.009296110831201077,"z":-0.00011409143189666793,"w":-0.9998893737792969},"size":30.71940803527832,"orthographic":false}