{"cameraMode":{"drawMode":0,"name":"Shaded","section":"Shading Mode"},"sceneLighting":false,"audioPlay":false,"sceneViewState":{"showFog":true,"showMaterialUpdate":false,"showSkybox":false,"showFlares":true,"showImageEffects":true,"showParticleSystems":true},"in2DMode":false,"pivot":{"x":-10.3100004196167,"y":-0.5899999737739563,"z":1.0800000429153443},"rotation":{"x":-0.01230943575501442,"y":0.009296110831201077,"z":-0.00011409143189666793,"w":-0.9998893737792969},"size":4.002943992614746,"orthographic":false}