{"cameraMode":{"drawMode":0,"name":"Shaded","section":"Shading Mode"},"sceneLighting":false,"audioPlay":false,"sceneViewState":{"showFog":true,"showMaterialUpdate":false,"showSkybox":false,"showFlares":true,"showImageEffects":true,"showParticleSystems":true},"in2DMode":false,"pivot":{"x":-6.913602352142334,"y":18.07577896118164,"z":0.0052168709225952629},"rotation":{"x":-0.00030976429115980864,"y":0.00029659419669769704,"z":8.29441432870226e-7,"w":-1.000004529953003},"size":25.394033432006837,"orthographic":false}