{"cameraMode":{"drawMode":0,"name":"Shaded","section":"Shading Mode"},"sceneLighting":false,"audioPlay":false,"sceneViewState":{"showFog":true,"showMaterialUpdate":false,"showSkybox":false,"showFlares":true,"showImageEffects":true,"showParticleSystems":true},"in2DMode":false,"pivot":{"x":-9.225707054138184,"y":14.168011665344239,"z":0.17740049958229066},"rotation":{"x":-0.01230943575501442,"y":0.009296110831201077,"z":-0.00011409143189666793,"w":-0.9998893737792969},"size":10.31643009185791,"orthographic":false}