{"cameraMode":{"drawMode":0,"name":"Shaded","section":"Shading Mode"},"sceneLighting":false,"audioPlay":false,"sceneViewState":{"showFog":true,"showMaterialUpdate":false,"showSkybox":false,"showFlares":true,"showImageEffects":true,"showParticleSystems":true},"in2DMode":false,"pivot":{"x":-6.956109046936035,"y":15.494959831237793,"z":0.001863417448475957},"rotation":{"x":-0.00030976429115980864,"y":0.00029659419669769704,"z":8.29441432870226e-7,"w":-1.000004529953003},"size":26.446094512939454,"orthographic":false}