{"cameraMode":{"drawMode":0,"name":"Shaded","section":"Shading Mode"},"sceneLighting":false,"audioPlay":false,"sceneViewState":{"showFog":true,"showMaterialUpdate":false,"showSkybox":false,"showFlares":true,"showImageEffects":true,"showParticleSystems":true},"in2DMode":false,"pivot":{"x":-9.282135963439942,"y":22.01496124267578,"z":0.004047594033181667},"rotation":{"x":-0.00030976429115980864,"y":0.00029659419669769704,"z":8.29441432870226e-7,"w":-1.000004529953003},"size":15.443865776062012,"orthographic":false}