{"cameraMode":{"drawMode":0,"name":"Shaded","section":"Shading Mode"},"sceneLighting":false,"audioPlay":false,"sceneViewState":{"showFog":true,"showMaterialUpdate":false,"showSkybox":false,"showFlares":true,"showImageEffects":true,"showParticleSystems":true},"in2DMode":false,"pivot":{"x":-9.576696395874024,"y":10.976519584655762,"z":0.09849558770656586},"rotation":{"x":-0.01230943575501442,"y":0.009296110831201077,"z":-0.00011409143189666793,"w":-0.9998893737792969},"size":28.967296600341798,"orthographic":false}