{"cameraMode":{"drawMode":0,"name":"Shaded","section":"Shading Mode"},"sceneLighting":false,"audioPlay":false,"sceneViewState":{"showFog":true,"showMaterialUpdate":false,"showSkybox":false,"showFlares":true,"showImageEffects":true,"showParticleSystems":true},"in2DMode":false,"pivot":{"x":-7.533775329589844,"y":13.647124290466309,"z":-0.018511924892663957},"rotation":{"x":-0.004809746518731117,"y":-0.0027033810038119556,"z":0.000013924143786425702,"w":-0.9999893307685852},"size":20.893810272216798,"orthographic":false}