{"cameraMode":{"drawMode":0,"name":"Shaded","section":"Shading Mode"},"sceneLighting":true,"audioPlay":false,"sceneViewState":{"showFog":true,"showMaterialUpdate":false,"showSkybox":true,"showFlares":true,"showImageEffects":true,"showParticleSystems":true},"in2DMode":false,"pivot":{"x":378.4532775878906,"y":187.18484497070313,"z":-8.306859970092774},"rotation":{"x":0.001490117865614593,"y":-0.012302442453801632,"z":-0.00001828782114898786,"w":-0.9999244213104248},"size":466.8714294433594,"orthographic":false}